<?xml version="1.0" encoding="utf-8"?>
<config>
	 <feature name="bq.software.bqservices.system"/>
	 <feature name="bq.software.qcom.camera.full_support"/>
	 <feature name="bq.software.qcom.camera4"/>
	 <feature name="bq.software.qcom.camerainfinix"/>
	 <feature name="bq.software.qcom.m"/>
	 <feature name="bq.software.qcom.m.chaozu"/>
	 <feature name="bq.software.qcom.m.chaozulite"/>
	 <feature name="bq.software.qcom.m.gohan"/>
	 <feature name="bq.software.qcom.m.tenshi"/>
	 <feature name="bq.software.qcom.n"/>
	 <feature name="bq.software.qcom.n.bardock"/>
	 <feature name="bq.software.qcom.n.bardockpro"/>
	 <feature name="bq.software.qcom.n.chaozu"/>
	 <feature name="bq.software.qcom.n.chaozulite"/>
	 <feature name="bq.software.qcom.n.gohan"/>
	 <feature name="bq.software.qcom.n.namek"/>
	 <feature name="bq.software.qcom.n.nappa"/>
	 <feature name="bq.software.qcom.n.nappa_s"/>
	 <feature name="bq.software.qcom.n.piccolo"/>
	 <feature name="bq.software.qcom.n.picmt"/>
	 <feature name="bq.software.qcom.n.raditz"/>
	 <feature name="bq.software.qcom.n.raditz_s"/>
	 <feature name="bq.software.qcom.n.tenshi"/>
	 <feature name="bq.software.qcom.n.yamcha"/>
	 <feature name="bq.software.qcom.n.yamchalite"/>
	 <feature name="bq.software.qcom.o"/>
	 <feature name="bq.software.qcom.o.bardock"/>
	 <feature name="bq.software.qcom.o.bardockpro"/>
	 <feature name="bq.software.qcom.o.jeice"/>
	 <feature name="bq.software.qcom.o.zangya"/>
	 <feature name="bq.software.qcom.o.zangyapro"/>
	 <feature name="bq.software.qcom.o.zero6"/>
	 <feature name="bq.software.qcom.o.zero6pro"/>
	 <feature name="bq.software.qcom.p"/>
	 <feature name="bq.software.qcom.p.jeice"/>
	 <feature name="bq.software.qcom.p.towa"/>
	 <feature name="bq.software.qcom.p.zangya"/>
	 <feature name="bq.software.qcom.p.zangyapro"/>
	 <feature name="bq.software.qcom.p.zero6pro"/>
	 <feature name="bq.software.qcom.q"/>
	 <feature name="bq.software.qcom.q.zangya"/>
	 <feature name="bq.software.qcom.q.zangyapro"
</config>
