<?xml version="1.0" encoding="utf-8"?>
<!--
  ~ Copyright (C) 2019 The Android Open Source Project
  ~
  ~ Licensed under the Apache License, Version 2.0 (the "License");
  ~ you may not use this file except in compliance with the License.
  ~ You may obtain a copy of the License at
  ~
  ~      http://www.apache.org/licenses/LICENSE-2.0
  ~
  ~ Unless required by applicable law or agreed to in writing, software
  ~ distributed under the License is distributed on an "AS IS" BASIS,
  ~ WITHOUT WARRANTIES OR CONDITIONS OF ANY KIND, either express or implied.
  ~ See the License for the specific language governing permissions and
  ~ limitations under the License
  -->
<permissions>
    <privapp-permissions package="com.nothing.launcher">
        <permission name="android.permission.BIND_APPWIDGET"/>
        <permission name="android.permission.CONTROL_REMOTE_APP_TRANSITION_ANIMATIONS"/>
        <permission name="android.permission.GET_ACCOUNTS_PRIVILEGED"/>
        <permission name="android.permission.WRITE_SECURE_SETTINGS"/>
        <permission name="android.permission.BROADCAST_CLOSE_SYSTEM_DIALOGS"/>
        <permission name="android.permission.START_TASKS_FROM_RECENTS"/>
        <permission name="android.permission.STATUS_BAR"/>
        <permission name="android.permission.STOP_APP_SWITCHES"/>
        <permission name="android.permission.ACCESS_NETWORK_STATE" />
        <permission name="android.permission.ACCESS_WIFI_STATE" />
        <permission name="android.permission.INTERNET" />
        <permission name="android.permission.ACCESS_COARSE_LOCATION" />
        <permission name="android.permission.ACCESS_FINE_LOCATION" />
        <permission name="android.permission.SCHEDULE_EXACT_ALARM" />

        <permission name="android.permission.CALL_PRIVILEGED"/>
        <permission name="android.permission.DELETE_PACKAGES"/>
        <permission name="android.permission.INSTALL_PACKAGES"/>
        <permission name="android.permission.MANAGE_USERS"/>
        <permission name="android.permission.INTERACT_ACROSS_USERS"/>
        <permission name="android.permission.INTERACT_ACROSS_USERS_FULL"/>
        <permission name="android.permission.EXPAND_STATUS_BAR"/>
        <permission name="android.permission.CALL_PHONE"/>
        <permission name="android.permission.SET_WALLPAPER"/>
        <permission name="android.permission.SET_WALLPAPER_HINTS"/>
        <permission name="android.permission.READ_EXTERNAL_STORAGE"/>
        <permission name="android.permission.RECEIVE_BOOT_COMPLETED"/>
        <permission name="android.permission.READ_DEVICE_CONFIG"/>
        <permission name="android.permission.QUERY_ALL_PACKAGES"/>
        <permission name="android.permission.ROTATE_SURFACE_FLINGER"/>
        <permission name="android.permission.VIBRATE"/>
        <permission name="android.permission.REMOVE_TASKS"/>
        <permission name="android.permission.MANAGE_ACTIVITY_TASKS"/>
        <permission name="android.permission.SET_ORIENTATION"/>
        <permission name="android.permission.READ_FRAME_BUFFER"/>
        <permission name="android.permission.MANAGE_ACCESSIBILITY"/>
        <permission name="android.permission.MONITOR_INPUT"/>
        <permission name="android.permission.SYSTEM_APPLICATION_OVERLAY"/>

        <!-- NothingOS. caijunliang add {@ -->
        <!-- 双击桌面灭屏, 调用 PowerManager 需要的权限 -->
        <permission name="android.permission.DEVICE_POWER" />
        <!-- 开和关深色模式, 调用 UiModeManager 需要的权限 -->
        <permission name="android.permission.MODIFY_DAY_NIGHT_MODE"/>
        <!-- @} -->
    </privapp-permissions>
</permissions>
