<?xml version="1.0" encoding="utf-8"?>
<config>
	<feature name="com.hmdglobal.android.feature.NOKIA_CAMERA_EXPERIENCE"/>
	<feature name="com.hmdglobal.android.feature.NOKIA_CAMERA_V3"/>
	<feature name="com.hmdglobal.android.feature.NOKIA_EXPERIENCE"/>
	<feature name="com.hmdglobal.android.feature.NOKIA_GO_EXPERIENCE"/>
	<feature name="com.hmdglobal.android.feature.NOKIA_TABLET_EXPERIENCE"/>
	<feature name="com.hmdglobal.android.feature.OZO_EXPERIENCE"/>
	<feature name="com.hmdglobal.android.feature.PRODUCT_AKT"/>
	<feature name="com.hmdglobal.android.feature.PRODUCT_DM5"/>
	<feature name="com.hmdglobal.android.feature.PRODUCT_IRU"/>
	<feature name="com.hmdglobal.android.feature.PRODUCT_MNI"/>
	<feature name="com.hmdglobal.android.feature.PRODUCT_PHR"/>
	<feature name="com.hmdglobal.android.feature.PRODUCT_QKS"/>
	<feature name="com.hmdglobal.android.feature.PRODUCT_RDD"/>
	<feature name="com.hmdglobal.android.feature.PRODUCT_SCW"/>
	<feature name="com.hmdglobal.android.feature.PRODUCT_TTG"/>
	<feature name="com.hmdglobal.android.feature.PURE_DISPLAY_EXPERIENCE"/>
	<feature name="com.hmdglobal.android.feature.YEAR2021"/>
	<feature name="com.hmdglobal.android.feature.YEAR2022"/>
	<feature name="com.hmdglobal.android.feature.ZEISS_EXPERIENCE"/>
	<feature name="com.hmdglobal.camera.DISABLE_AF_BEFORE_CAPTURE"/>
	<feature name="com.hmdglobal.camera.DISABLE_PORTRAIT_BEAUTY"/>
	<feature name="com.hmdglobal.feature.camera.ACTIONCAM_MODE_SUPPORTED"/>
	<feature name="com.hmdglobal.feature.camera.AI_SCENE_SUPPORTED"/>
	<feature name="com.hmdglobal.feature.camera.CINEMA_SUPPORTED"/>
	<feature name="com.hmdglobal.feature.camera.CUSTOM_OP_MODE"/>
	<feature name="com.hmdglobal.feature.camera.DUALSIGHT_MODE_SUPPORTED"/>
	<feature name="com.hmdglobal.feature.camera.ENABLE_AEC_WARM_UP"/>
	<feature name="com.hmdglobal.feature.camera.ENABLE_AWB_WARM_UP"/>
	<feature name="com.hmdglobal.feature.camera.ENABLE_WATERMARK_LIVE_PREVIEW"/>
	<feature name="com.hmdglobal.feature.camera.FRONT_FLASH_AUTO_STATE"/>
	<feature name="com.hmdglobal.feature.camera.HYPERLAPSE_DIV_MODE_SUPPORTED"/>
	<feature name="com.hmdglobal.feature.camera.PANO_MODE_SUPPORTED"/>
	<feature name="com.hmdglobal.feature.camera.PROCESS_LOGICALCAM_BOKEH_IN_APP"/>
	<feature name="com.hmdglobal.feature.camera.PROCESS_LOGICALCAM_MF_BOKEH_IN_APP"/>
	<feature name="com.hmdglobal.feature.camera.PROCESS_NIGHT_IN_APP_ALCYONE"/>
	<feature name="com.hmdglobal.feature.camera.PROCESS_NIGHT_IN_APP_MAIA"/>
	<feature name="com.hmdglobal.feature.camera.PROCESS_NIGHT_IN_HAL"/>
	<feature name="com.hmdglobal.feature.camera.PROCESS_NIGHT_PORTRAIT_IN_APP_AURA"/>
	<feature name="com.hmdglobal.feature.camera.PROCESS_PHOTO_SUPER_RES_IN_APP_MAIA"/>
	<feature name="com.hmdglobal.feature.camera.PROCESS_SINGLECAM_BOKEH_IN_APP"/>
	<feature name="com.hmdglobal.feature.camera.PROCESS_SINGLECAM_MF_BOKEH_IN_APP"/>
	<feature name="com.hmdglobal.feature.camera.PRO_MODE_SUPPORTED"/>
	<feature name="com.hmdglobal.feature.camera.QRCODE_SUPPORTED"/>
	<feature name="com.hmdglobal.feature.camera.USE_QUICK_THUMBNAIL"/>
	<feature name="com.hmdglobal.feature.camera.VIDEO_STABILIZATION_FEATURE"/>
	<feature name="com.evenwell.roundapp"/>
	<feature name="com.evenwell.smartboostframework"/>
</config>
