<?xml version="1.0" encoding="utf-8"?>
<!--
	Generated by Pixelify Module
 -->
<permissions>
    <privapp-permissions package="com.google.android.flipendo">
        <permission name="android.permission.READ_DEVICE_CONFIG"/>
        <permission name="android.permission.SUSPEND_APPS"/>
        <permission name="android.permission.QUERY_ALL_PACKAGES"/>
        <permission name="android.permission.RECEIVE_BOOT_COMPLETED"/>
        <permission name="android.permission.FOREGROUND_SERVICE"/>
        <permission name="android.permission.SYSTEM_ALERT_WINDOW"/>
        <permission name="android.permission.WRITE_SECURE_SETTINGS"/>
        <permission name="android.permission.WRITE_SETTINGS"/>
        <permission name="android.permission.REAL_GET_TASKS"/>
        <permission name="android.permission.INTERACT_ACROSS_USERS_FULL"/>
        <permission name="android.permission.KILL_BACKGROUND_PROCESSES"/>
        <permission name="android.permission.MODIFY_QUIET_MODE"/>
        <permission name="android.permission.INTERACT_ACROSS_PROFILES"/>
        <permission name="android.permission.CONTROL_DISPLAY_COLOR_TRANSFORMS"/>
        <permission name="android.permission.TETHER_PRIVILEGED"/>
        <permission name="android.permission.SUBSTITUTE_NOTIFICATION_APP_NAME"/>
    </privapp-permissions>
 </permissions>
