<?xml version="1.0" encoding="utf-8"?>
<config>
  <feature name="android.software.live_wallpaper" />
  <feature name="android.software.vr.mode" />
  <feature name="android.hardware.vr.high_performance" />
  <!-- These are the packages that are enabled by default as VR mode listeners -->
  <default-enabled-vr-app package="com.google.vr.vrcore"
      class="com.google.vr.vrcore.common.VrCoreListenerService" />
  <feature name="android.hardware.camera.ar" />
  <!-- This feature is meant to be the feature identifying a device supports wireless charger -->
  <feature name="com.google.android.feature.DREAMLINER" />

  <!-- The feature identifying devices which are able to use the Android Wellbeing app. -->
  <feature name="com.google.android.feature.WELLBEING" />
  <!-- Shared library required on the device to get Google Dialer updates from
         Play Store. This will be deprecated once Google Dialer play store
         updates stop supporting pre-O devices. -->
  <library name="com.google.android.dialer.support"
    file="/system/framework/com.google.android.dialer.support.jar" />
  <!-- Starting from Android O and above, this system feature is required for
         getting Google Dialer play store updates. -->
  <feature name="com.google.android.apps.dialer.SUPPORTED" />

  <!-- These are configurations that should exist on Google's own Nexus and GPe devices. -->
  <feature name="com.google.android.feature.GOOGLE_BUILD" />
  <!-- This should be added to all Nexus and GPe devices -->
  <feature name="com.google.android.feature.GOOGLE_EXPERIENCE" />

  <!-- These are configurations that should exist on Google's 2016 Pixel devices. -->
  <feature name="com.google.android.apps.photos.NEXUS_PRELOAD" />
  <feature name="com.google.android.apps.photos.nexus_preload" />
  <!-- This is meant to be the canonical feature identifying 2016 and newer Nexus devices. -->
  <feature name="com.google.android.feature.PIXEL_EXPERIENCE" />
  
  <!-- This is meant to be the canonical feature identifying 2017 and newer Nexus devices. -->
  <feature name="com.google.android.feature.PIXEL_2017_EXPERIENCE" />
  
  <feature name="com.google.android.feature.ANDROID_ONE_EXPERIENCE" />
  
  <!-- This defines the Photos preload feature for specifically the 2018 Pixel devices. -->
  <feature name="com.google.android.apps.photos.PIXEL_2018_PRELOAD" />
  <!-- This is meant to be the canonical feature identifying 2018 and newer Pixel devices. -->
  <feature name="com.google.android.feature.PIXEL_2018_EXPERIENCE" />
  
  <!-- This defines the Photos preload feature for specifically the 2019 Pixel mid year devices. -->
  <feature name="com.google.android.apps.photos.PIXEL_2019_MIDYEAR_PRELOAD" />
  <!-- This is meant to be the canonical feature identifying 2019 mid year and newer devices. -->
  <feature name="com.google.android.feature.PIXEL_2019_MIDYEAR_EXPERIENCE" />
</config>