<?xml version="1.0" encoding="utf-8"?>
<permissions>
	<privapp-permissions package="com.google.android.dialer">
		<permission name="android.permission.ALLOW_ANY_CODEC_FOR_PLAYBACK"/>
		<permission name="android.permission.CAPTURE_AUDIO_OUTPUT"/>
		<permission name="android.permission.CONTROL_INCALL_EXPERIENCE"/>
		<permission name="android.permission.GET_ACCOUNTS_PRIVILEGED"/>
		<permission name="android.permission.INTERACT_ACROSS_USERS"/>
		<permission name="android.permission.MODIFY_AUDIO_ROUTING"/>
		<permission name="android.permission.MODIFY_PHONE_STATE"/>
		<permission name="android.permission.REGISTER_CONNECTION_MANAGER"/>
		<permission name="android.permission.STATUS_BAR"/>
		<permission name="android.permission.STOP_APP_SWITCHES"/>
		<permission name="com.android.voicemail.permission.READ_VOICEMAIL"/>
		<permission name="com.android.voicemail.permission.WRITE_VOICEMAIL"/>
	</privapp-permissions>
	
	<privapp-permissions package="com.google.android.apps.wallpaper">
		<permission name="android.permission.READ_WALLPAPER_INTERNAL"/>
		<permission name="android.permission.SET_WALLPAPER_COMPONENT"/>
	</privapp-permissions>
	
    <privapp-permissions package="com.google.android.apps.wellbeing">
        <permission name="android.permission.CONTROL_DISPLAY_SATURATION"/>
        <permission name="android.permission.OBSERVE_APP_USAGE"/>
        <permission name="android.permission.PACKAGE_USAGE_STATS"/>
        <permission name="android.permission.SUBSTITUTE_NOTIFICATION_APP_NAME"/>
        <permission name="android.permission.SUSPEND_APPS"/>
        <permission name="android.permission.WRITE_SECURE_SETTINGS"/>
    </privapp-permissions>
</permissions>